,occ_code,occ_title,o_group,tot_emp
1163,11-0000,Management Occupations,major,63400
1164,13-0000,Business and Financial Operations Occupations,major,75300
1165,15-0000,Computer and Mathematical Occupations,major,36140
1166,17-0000,Architecture and Engineering Occupations,major,23350
1167,19-0000,"Life, Physical, and Social Science Occupations",major,10060
1168,21-0000,Community and Social Service Occupations,major,17880
1169,23-0000,Legal Occupations,major,7600
1170,25-0000,Educational Instruction and Library Occupations,major,93450
1171,27-0000,"Arts, Design, Entertainment, Sports, and Media Occupations",major,17380
1172,29-0000,Healthcare Practitioners and Technical Occupations,major,86100
1173,31-0000,Healthcare Support Occupations,major,63760
1174,33-0000,Protective Service Occupations,major,28790
1175,35-0000,Food Preparation and Serving Related Occupations,major,123440
1176,37-0000,Building and Grounds Cleaning and Maintenance Occupations,major,40130
1177,39-0000,Personal Care and Service Occupations,major,28290
1178,41-0000,Sales and Related Occupations,major,126590
1179,43-0000,Office and Administrative Support Occupations,major,189570
1180,45-0000,"Farming, Fishing, and Forestry Occupations",major,3480
1181,47-0000,Construction and Extraction Occupations,major,60330
1182,49-0000,"Installation, Maintenance, and Repair Occupations",major,63200
1183,51-0000,Production Occupations,major,115610
1184,53-0000,Transportation and Material Moving Occupations,major,118620
12566,11-1011,Chief Executives,detailed,3620
12567,11-1021,General and Operations Managers,detailed,18340
12568,11-1031,Legislators,detailed,780
12569,11-2011,Advertising and Promotions Managers,detailed,90
12570,11-2021,Marketing Managers,detailed,1660
12571,11-2022,Sales Managers,detailed,3200
12572,11-2030,Public Relations and Fundraising Managers,detailed,590
12573,11-3010,Administrative Services and Facilities Managers,detailed,1910
12574,11-3021,Computer and Information Systems Managers,detailed,3150
12575,11-3031,Financial Managers,detailed,4440
12576,11-3051,Industrial Production Managers,detailed,1810
12577,11-3061,Purchasing Managers,detailed,580
12578,11-3071,"Transportation, Storage, and Distribution Managers",detailed,980
12579,11-3111,Compensation and Benefits Managers,detailed,90
12580,11-3121,Human Resources Managers,detailed,1080
12581,11-3131,Training and Development Managers,detailed,220
12582,11-9021,Construction Managers,detailed,2640
12583,11-9031,"Education and Childcare Administrators, Preschool and Daycare",detailed,510
12584,11-9032,"Education Administrators, Kindergarten through Secondary",detailed,2390
12585,11-9033,"Education Administrators, Postsecondary",detailed,1450
12586,11-9039,"Education Administrators, All Other",detailed,270
12587,11-9041,Architectural and Engineering Managers,detailed,1550
12588,11-9051,Food Service Managers,detailed,1000
12589,11-9071,Gambling Managers,detailed,30
12590,11-9081,Lodging Managers,detailed,190
12591,11-9111,Medical and Health Services Managers,detailed,4110
12592,11-9121,Natural Sciences Managers,detailed,230
12593,11-9131,Postmasters and Mail Superintendents,detailed,200
12594,11-9141,"Property, Real Estate, and Community Association Managers",detailed,2600
12595,11-9151,Social and Community Service Managers,detailed,1120
12596,11-9161,Emergency Management Directors,detailed,200
12597,11-9171,Funeral Home Managers,detailed,140
12598,11-9198,"Personal Service Managers, All Other; Entertainment and Recreation Managers, Except Gambling; and Managers, All Other",detailed,2170
12599,13-1011,"Agents and Business Managers of Artists, Performers, and Athletes",detailed,40
12600,13-1020,Buyers and Purchasing Agents,detailed,5140
12601,13-1031,"Claims Adjusters, Examiners, and Investigators",detailed,2540
12602,13-1032,"Insurance Appraisers, Auto Damage",detailed,**
12603,13-1041,Compliance Officers,detailed,3000
12604,13-1051,Cost Estimators,detailed,2470
12605,13-1071,Human Resources Specialists,detailed,5840
12606,13-1075,Labor Relations Specialists,detailed,500
12607,13-1081,Logisticians,detailed,1520
12608,13-1111,Management Analysts,detailed,5160
12609,13-1121,"Meeting, Convention, and Event Planners",detailed,1110
12610,13-1131,Fundraisers,detailed,**
12611,13-1141,"Compensation, Benefits, and Job Analysis Specialists",detailed,540
12612,13-1151,Training and Development Specialists,detailed,3760
12613,13-1161,Market Research Analysts and Marketing Specialists,detailed,6470
12614,13-1198,"Project Management Specialists and Business Operations Specialists, All Other",detailed,10390
12615,13-2011,Accountants and Auditors,detailed,12680
12616,13-2020,Property Appraisers and Assessors,detailed,1170
12617,13-2031,Budget Analysts,detailed,260
12618,13-2041,Credit Analysts,detailed,570
12619,13-2052,Personal Financial Advisors,detailed,2060
12620,13-2053,Insurance Underwriters,detailed,1090
12621,13-2061,Financial Examiners,detailed,570
12622,13-2071,Credit Counselors,detailed,90
12623,13-2072,Loan Officers,detailed,4060
12624,13-2081,"Tax Examiners and Collectors, and Revenue Agents",detailed,70
12625,13-2082,Tax Preparers,detailed,440
12626,13-2098,"Financial and Investment Analysts, Financial Risk Specialists, and Financial Specialists, All Other",detailed,2780
12627,15-1211,Computer Systems Analysts,detailed,4980
12628,15-1212,Information Security Analysts,detailed,840
12629,15-1221,Computer and Information Research Scientists,detailed,130
12630,15-1231,Computer Network Support Specialists,detailed,810
12631,15-1232,Computer User Support Specialists,detailed,7020
12632,15-1241,Computer Network Architects,detailed,1440
12633,15-1244,Network and Computer Systems Administrators,detailed,5510
12634,15-1245,Database Administrators and Architects,detailed,810
12635,15-1251,Computer Programmers,detailed,1240
12636,15-1256,Software Developers and Software Quality Assurance Analysts and Testers,detailed,9000
12637,15-1257,Web Developers and Digital Interface Designers,detailed,1080
12638,15-1299,"Computer Occupations, All Other",detailed,1790
12639,15-2011,Actuaries,detailed,430
12640,15-2031,Operations Research Analysts,detailed,810
12641,15-2041,Statisticians,detailed,150
12642,15-2098,"Data Scientists and Mathematical Science Occupations, All Other",detailed,110
12643,17-1011,"Architects, Except Landscape and Naval",detailed,980
12644,17-1012,Landscape Architects,detailed,200
12645,17-1021,Cartographers and Photogrammetrists,detailed,130
12646,17-1022,Surveyors,detailed,420
12647,17-2011,Aerospace Engineers,detailed,2450
12648,17-2021,Agricultural Engineers,detailed,30
12649,17-2031,Bioengineers and Biomedical Engineers,detailed,50
12650,17-2041,Chemical Engineers,detailed,180
12651,17-2051,Civil Engineers,detailed,2100
12652,17-2061,Computer Hardware Engineers,detailed,300
12653,17-2071,Electrical Engineers,detailed,1960
12654,17-2072,"Electronics Engineers, Except Computer",detailed,1310
12655,17-2081,Environmental Engineers,detailed,390
12656,17-2111,"Health and Safety Engineers, Except Mining Safety Engineers and Inspectors",detailed,150
12657,17-2112,Industrial Engineers,detailed,3030
12658,17-2131,Materials Engineers,detailed,270
12659,17-2141,Mechanical Engineers,detailed,2800
12660,17-2161,Nuclear Engineers,detailed,**
12661,17-2171,Petroleum Engineers,detailed,130
12662,17-2199,"Engineers, All Other",detailed,620
12663,17-3011,Architectural and Civil Drafters,detailed,530
12664,17-3012,Electrical and Electronics Drafters,detailed,160
12665,17-3013,Mechanical Drafters,detailed,970
12666,17-3019,"Drafters, All Other",detailed,100
12667,17-3021,Aerospace Engineering and Operations Technologists and Technicians,detailed,490
12668,17-3022,Civil Engineering Technologists and Technicians,detailed,930
12669,17-3023,Electrical and Electronic Engineering Technologists and Technicians,detailed,660
12670,17-3024,Electro-Mechanical and Mechatronics Technologists and Technicians,detailed,50
12671,17-3025,Environmental Engineering Technologists and Technicians,detailed,100
12672,17-3026,Industrial Engineering Technologists and Technicians,detailed,570
12673,17-3027,Mechanical Engineering Technologists and Technicians,detailed,270
12674,17-3031,Surveying and Mapping Technicians,detailed,380
12675,17-3098,"Calibration Technologists and Technicians and Engineering Technologists and Technicians, Except Drafters, All Other",detailed,490
12676,19-1012,Food Scientists and Technologists,detailed,210
12677,19-1013,Soil and Plant Scientists,detailed,400
12678,19-1022,Microbiologists,detailed,90
12679,19-1023,Zoologists and Wildlife Biologists,detailed,170
12680,19-1029,"Biological Scientists, All Other",detailed,280
12681,19-1031,Conservation Scientists,detailed,160
12682,19-1041,Epidemiologists,detailed,30
12683,19-1042,"Medical Scientists, Except Epidemiologists",detailed,620
12684,19-2012,Physicists,detailed,30
12685,19-2021,Atmospheric and Space Scientists,detailed,250
12686,19-2031,Chemists,detailed,770
12687,19-2041,"Environmental Scientists and Specialists, Including Health",detailed,480
12688,19-2042,"Geoscientists, Except Hydrologists and Geographers",detailed,260
12689,19-2043,Hydrologists,detailed,30
12690,19-2099,"Physical Scientists, All Other",detailed,120
12691,19-3022,Survey Researchers,detailed,120
12692,19-3031,"Clinical, Counseling, and School Psychologists",detailed,870
12693,19-3039,"Psychologists, All Other",detailed,130
12694,19-3051,Urban and Regional Planners,detailed,240
12695,19-3099,"Social Scientists and Related Workers, All Other",detailed,220
12696,19-4010,Agricultural and Food Science Technicians,detailed,400
12697,19-4021,Biological Technicians,detailed,350
12698,19-4031,Chemical Technicians,detailed,610
12699,19-4042,"Environmental Science and Protection Technicians, Including Health",detailed,390
12700,19-4045,Geological and Hydrologic Technicians,detailed,80
12701,19-4071,Forest and Conservation Technicians,detailed,120
12702,19-4092,Forensic Science Technicians,detailed,400
12703,19-4099,"Life, Physical, and Social Science Technicians, All Other",detailed,360
12704,19-5011,Occupational Health and Safety Specialists,detailed,840
12705,19-5012,Occupational Health and Safety Technicians,detailed,320
12706,21-1012,"Educational, Guidance, and Career Counselors and Advisors",detailed,2660
12707,21-1013,Marriage and Family Therapists,detailed,200
12708,21-1015,Rehabilitation Counselors,detailed,910
12709,21-1018,"Substance Abuse, Behavioral Disorder, and Mental Health Counselors",detailed,1640
12710,21-1019,"Counselors, All Other",detailed,**
12711,21-1021,"Child, Family, and School Social Workers",detailed,2200
12712,21-1022,Healthcare Social Workers,detailed,1470
12713,21-1023,Mental Health and Substance Abuse Social Workers,detailed,990
12714,21-1029,"Social Workers, All Other",detailed,310
12715,21-1091,Health Education Specialists,detailed,390
12716,21-1092,Probation Officers and Correctional Treatment Specialists,detailed,740
12717,21-1093,Social and Human Service Assistants,detailed,4560
12718,21-1094,Community Health Workers,detailed,200
12719,21-1099,"Community and Social Service Specialists, All Other",detailed,1060
12720,21-2011,Clergy,detailed,370
12721,21-2021,"Directors, Religious Activities and Education",detailed,50
12722,23-1011,Lawyers,detailed,3640
12723,23-1021,"Administrative Law Judges, Adjudicators, and Hearing Officers",detailed,50
12724,23-1022,"Arbitrators, Mediators, and Conciliators",detailed,40
12725,23-1023,"Judges, Magistrate Judges, and Magistrates",detailed,450
12726,23-2011,Paralegals and Legal Assistants,detailed,2470
12727,23-2093,"Title Examiners, Abstractors, and Searchers",detailed,510
12728,23-2099,"Legal Support Workers, All Other",detailed,440
12729,25-1011,"Business Teachers, Postsecondary",detailed,530
12730,25-1021,"Computer Science Teachers, Postsecondary",detailed,130
12731,25-1022,"Mathematical Science Teachers, Postsecondary",detailed,450
12732,25-1031,"Architecture Teachers, Postsecondary",detailed,140
12733,25-1032,"Engineering Teachers, Postsecondary",detailed,270
12734,25-1041,"Agricultural Sciences Teachers, Postsecondary",detailed,240
12735,25-1042,"Biological Science Teachers, Postsecondary",detailed,370
12736,25-1051,"Atmospheric, Earth, Marine, and Space Sciences Teachers, Postsecondary",detailed,60
12737,25-1052,"Chemistry Teachers, Postsecondary",detailed,150
12738,25-1054,"Physics Teachers, Postsecondary",detailed,100
12739,25-1061,"Anthropology and Archeology Teachers, Postsecondary",detailed,80
12740,25-1062,"Area, Ethnic, and Cultural Studies Teachers, Postsecondary",detailed,110
12741,25-1063,"Economics Teachers, Postsecondary",detailed,90
12742,25-1065,"Political Science Teachers, Postsecondary",detailed,110
12743,25-1066,"Psychology Teachers, Postsecondary",detailed,250
12744,25-1067,"Sociology Teachers, Postsecondary",detailed,230
12745,25-1069,"Social Sciences Teachers, Postsecondary, All Other",detailed,80
12746,25-1072,"Nursing Instructors and Teachers, Postsecondary",detailed,480
12747,25-1081,"Education Teachers, Postsecondary",detailed,280
12748,25-1082,"Library Science Teachers, Postsecondary",detailed,70
12749,25-1111,"Criminal Justice and Law Enforcement Teachers, Postsecondary",detailed,50
12750,25-1113,"Social Work Teachers, Postsecondary",detailed,150
12751,25-1121,"Art, Drama, and Music Teachers, Postsecondary",detailed,510
12752,25-1122,"Communications Teachers, Postsecondary",detailed,260
12753,25-1123,"English Language and Literature Teachers, Postsecondary",detailed,460
12754,25-1124,"Foreign Language and Literature Teachers, Postsecondary",detailed,140
12755,25-1125,"History Teachers, Postsecondary",detailed,130
12756,25-1126,"Philosophy and Religion Teachers, Postsecondary",detailed,290
12757,25-1193,"Recreation and Fitness Studies Teachers, Postsecondary",detailed,60
12758,25-1194,"Career/Technical Education Teachers, Postsecondary",detailed,1560
12759,25-1199,"Postsecondary Teachers, All Other",detailed,3230
12760,25-2011,"Preschool Teachers, Except Special Education",detailed,2210
12761,25-2012,"Kindergarten Teachers, Except Special Education",detailed,1020
12762,25-2021,"Elementary School Teachers, Except Special Education",detailed,16340
12763,25-2022,"Middle School Teachers, Except Special and Career/Technical Education",detailed,6630
12764,25-2023,"Career/Technical Education Teachers, Middle School",detailed,50
12765,25-2031,"Secondary School Teachers, Except Special and Career/Technical Education",detailed,12310
12766,25-2032,"Career/Technical Education Teachers, Secondary School",detailed,540
12767,25-2051,"Special Education Teachers, Preschool",detailed,400
12768,25-2052,"Special Education Teachers, Kindergarten and Elementary School",detailed,1290
12769,25-2057,"Special Education Teachers, Middle School",detailed,360
12770,25-2058,"Special Education Teachers, Secondary School",detailed,1030
12771,25-2059,"Special Education Teachers, All Other",detailed,**
12772,25-3011,"Adult Basic Education, Adult Secondary Education, and English as a Second Language Instructors",detailed,100
12773,25-3021,Self-Enrichment Teachers,detailed,1940
12774,25-3031,"Substitute Teachers, Short-Term",detailed,10290
12775,25-3097,"Tutors and Teachers and Instructors, All Other",detailed,2180
12776,25-4011,Archivists,detailed,30
12777,25-4012,Curators,detailed,120
12778,25-4013,Museum Technicians and Conservators,detailed,170
12779,25-4022,Librarians and Media Collections Specialists,detailed,1790
12780,25-4031,Library Technicians,detailed,880
12781,25-9021,Farm and Home Management Educators,detailed,270
12782,25-9031,Instructional Coordinators,detailed,1420
12783,25-9044,"Teaching Assistants, Postsecondary",detailed,340
12784,25-9045,"Teaching Assistants, Except Postsecondary",detailed,19320
12785,25-9099,"Educational Instruction and Library Workers, All Other",detailed,620
12786,27-1011,Art Directors,detailed,400
12787,27-1014,Special Effects Artists and Animators,detailed,80
12788,27-1021,Commercial and Industrial Designers,detailed,150
12789,27-1022,Fashion Designers,detailed,80
12790,27-1023,Floral Designers,detailed,460
12791,27-1024,Graphic Designers,detailed,2420
12792,27-1025,Interior Designers,detailed,490
12793,27-1026,Merchandise Displayers and Window Trimmers,detailed,1270
12794,27-1027,Set and Exhibit Designers,detailed,40
12795,27-1029,"Designers, All Other",detailed,**
12796,27-2012,Producers and Directors,detailed,390
12797,27-2021,Athletes and Sports Competitors,detailed,80
12798,27-2022,Coaches and Scouts,detailed,3990
12799,27-2023,"Umpires, Referees, and Other Sports Officials",detailed,950
12800,27-2041,Music Directors and Composers,detailed,60
12801,27-2042,Musicians and Singers,detailed,390
12802,27-3011,Broadcast Announcers and Radio Disc Jockeys,detailed,470
12803,27-3023,"News Analysts, Reporters, and Journalists",detailed,330
12804,27-3031,Public Relations Specialists,detailed,1870
12805,27-3041,Editors,detailed,600
12806,27-3042,Technical Writers,detailed,560
12807,27-3043,Writers and Authors,detailed,250
12808,27-3091,Interpreters and Translators,detailed,400
12809,27-3092,Court Reporters and Simultaneous Captioners,detailed,230
12810,27-3099,"Media and Communication Workers, All Other",detailed,50
12811,27-4011,Audio and Video Technicians,detailed,280
12812,27-4012,Broadcast Technicians,detailed,140
12813,27-4021,Photographers,detailed,320
12814,27-4031,"Camera Operators, Television, Video, and Film",detailed,170
12815,27-4032,Film and Video Editors,detailed,40
12816,27-4098,"Lighting Technicians and Media and Communication Equipment Workers, All Other",detailed,60
12817,29-1011,Chiropractors,detailed,490
12818,29-1021,"Dentists, General",detailed,640
12819,29-1031,Dietitians and Nutritionists,detailed,500
12820,29-1041,Optometrists,detailed,520
12821,29-1051,Pharmacists,detailed,3490
12822,29-1071,Physician Assistants,detailed,1050
12823,29-1122,Occupational Therapists,detailed,1480
12824,29-1123,Physical Therapists,detailed,2340
12825,29-1124,Radiation Therapists,detailed,240
12826,29-1125,Recreational Therapists,detailed,380
12827,29-1126,Respiratory Therapists,detailed,1210
12828,29-1127,Speech-Language Pathologists,detailed,1490
12829,29-1128,Exercise Physiologists,detailed,60
12830,29-1129,"Therapists, All Other",detailed,60
12831,29-1131,Veterinarians,detailed,780
12832,29-1141,Registered Nurses,detailed,30370
12833,29-1151,Nurse Anesthetists,detailed,**
12834,29-1171,Nurse Practitioners,detailed,2790
12835,29-1181,Audiologists,detailed,140
12836,29-1211,Anesthesiologists,detailed,190
12837,29-1215,Family Medicine Physicians,detailed,550
12838,29-1216,General Internal Medicine Physicians,detailed,**
12839,29-1218,Obstetricians and Gynecologists,detailed,230
12840,29-1221,"Pediatricians, General",detailed,90
12841,29-1223,Psychiatrists,detailed,**
12842,29-1228,"Physicians, All Other; and Ophthalmologists, Except Pediatric",detailed,2930
12843,29-1248,"Surgeons, Except Ophthalmologists",detailed,120
12844,29-1292,Dental Hygienists,detailed,2120
12845,29-1298,"Acupuncturists and Healthcare Diagnosing or Treating Practitioners, All Other",detailed,160
12846,29-2010,Clinical Laboratory Technologists and Technicians,detailed,3520
12847,29-2031,Cardiovascular Technologists and Technicians,detailed,510
12848,29-2032,Diagnostic Medical Sonographers,detailed,620
12849,29-2033,Nuclear Medicine Technologists,detailed,150
12850,29-2034,Radiologic Technologists and Technicians,detailed,2130
12851,29-2035,Magnetic Resonance Imaging Technologists,detailed,250
12852,29-2040,Emergency Medical Technicians and Paramedics,detailed,2760
12853,29-2051,Dietetic Technicians,detailed,130
12854,29-2052,Pharmacy Technicians,detailed,4220
12855,29-2053,Psychiatric Technicians,detailed,1210
12856,29-2055,Surgical Technologists,detailed,1060
12857,29-2056,Veterinary Technologists and Technicians,detailed,1020
12858,29-2057,Ophthalmic Medical Technicians,detailed,**
12859,29-2061,Licensed Practical and Licensed Vocational Nurses,detailed,7370
12860,29-2081,"Opticians, Dispensing",detailed,700
12861,29-2091,Orthotists and Prosthetists,detailed,70
12862,29-2092,Hearing Aid Specialists,detailed,**
12863,29-2098,"Medical Dosimetrists, Medical Records Specialists, and Health Technologists and Technicians, All Other",detailed,3350
12864,29-9091,Athletic Trainers,detailed,300
12865,29-9098,"Health Information Technologists, Medical Registrars, Surgical Assistants, and Healthcare Practitioners and Technical Workers, All Other",detailed,**
12866,31-1120,Home Health and Personal Care Aides,detailed,25110
12867,31-1131,Nursing Assistants,detailed,21840
12868,31-1132,Orderlies,detailed,270
12869,31-1133,Psychiatric Aides,detailed,510
12870,31-2011,Occupational Therapy Assistants,detailed,680
12871,31-2021,Physical Therapist Assistants,detailed,1240
12872,31-2022,Physical Therapist Aides,detailed,560
12873,31-9011,Massage Therapists,detailed,530
12874,31-9091,Dental Assistants,detailed,2970
12875,31-9092,Medical Assistants,detailed,5220
12876,31-9093,Medical Equipment Preparers,detailed,410
12877,31-9094,Medical Transcriptionists,detailed,960
12878,31-9095,Pharmacy Aides,detailed,840
12879,31-9096,Veterinary Assistants and Laboratory Animal Caretakers,detailed,950
12880,31-9097,Phlebotomists,detailed,1210
12881,31-9099,"Healthcare Support Workers, All Other",detailed,460
12882,33-1011,First-Line Supervisors of Correctional Officers,detailed,740
12883,33-1012,First-Line Supervisors of Police and Detectives,detailed,1940
12884,33-1021,First-Line Supervisors of Firefighting and Prevention Workers,detailed,1340
12885,33-1090,"Miscellaneous First-Line Supervisors, Protective Service Workers",detailed,520
12886,33-2011,Firefighters,detailed,3630
12887,33-2021,Fire Inspectors and Investigators,detailed,90
12888,33-3011,Bailiffs,detailed,60
12889,33-3012,Correctional Officers and Jailers,detailed,3250
12890,33-3021,Detectives and Criminal Investigators,detailed,910
12891,33-3051,Police and Sheriff's Patrol Officers,detailed,5930
12892,33-9011,Animal Control Workers,detailed,150
12893,33-9021,Private Detectives and Investigators,detailed,150
12894,33-9031,Gambling Surveillance Officers and Gambling Investigators,detailed,150
12895,33-9032,Security Guards,detailed,5720
12896,33-9091,Crossing Guards and Flaggers,detailed,240
12897,33-9092,"Lifeguards, Ski Patrol, and Other Recreational Protective Service Workers",detailed,2010
12898,33-9093,Transportation Security Screeners,detailed,140
12899,33-9098,"School Bus Monitors and Protective Service Workers, All Other",detailed,1650
12900,35-1011,Chefs and Head Cooks,detailed,960
12901,35-1012,First-Line Supervisors of Food Preparation and Serving Workers,detailed,11080
12902,35-2011,"Cooks, Fast Food",detailed,3580
12903,35-2012,"Cooks, Institution and Cafeteria",detailed,6100
12904,35-2014,"Cooks, Restaurant",detailed,11350
12905,35-2015,"Cooks, Short Order",detailed,470
12906,35-2021,Food Preparation Workers,detailed,5610
12907,35-3011,Bartenders,detailed,5100
12908,35-3023,Fast Food and Counter Workers,detailed,41030
12909,35-3031,Waiters and Waitresses,detailed,22390
12910,35-3041,"Food Servers, Nonrestaurant",detailed,2200
12911,35-9011,Dining Room and Cafeteria Attendants and Bartender Helpers,detailed,5520
12912,35-9021,Dishwashers,detailed,4040
12913,35-9031,"Hosts and Hostesses, Restaurant, Lounge, and Coffee Shop",detailed,3660
12914,35-9099,"Food Preparation and Serving Related Workers, All Other",detailed,300
12915,37-1011,First-Line Supervisors of Housekeeping and Janitorial Workers,detailed,1320
12916,37-1012,"First-Line Supervisors of Landscaping, Lawn Service, and Groundskeeping Workers",detailed,1240
12917,37-2011,"Janitors and Cleaners, Except Maids and Housekeeping Cleaners",detailed,19750
12918,37-2012,Maids and Housekeeping Cleaners,detailed,7430
12919,37-2021,Pest Control Workers,detailed,800
12920,37-3011,Landscaping and Groundskeeping Workers,detailed,8520
12921,37-3012,"Pesticide Handlers, Sprayers, and Applicators, Vegetation",detailed,680
12922,37-3013,Tree Trimmers and Pruners,detailed,330
12923,37-3019,"Grounds Maintenance Workers, All Other",detailed,60
12924,39-1013,First-Line Supervisors of Gambling Services Workers,detailed,240
12925,39-1098,"First-Line Supervisors of Personal Service and Entertainment and Recreation Workers, Except Gambling Services",detailed,1660
12926,39-2011,Animal Trainers,detailed,**
12927,39-2021,Animal Caretakers,detailed,2330
12928,39-3011,Gambling Dealers,detailed,450
12929,39-3021,Motion Picture Projectionists,detailed,**
12930,39-3031,"Ushers, Lobby Attendants, and Ticket Takers",detailed,1200
12931,39-3091,Amusement and Recreation Attendants,detailed,2950
12932,39-3093,"Locker Room, Coatroom, and Dressing Room Attendants",detailed,90
12933,39-4011,Embalmers,detailed,110
12934,39-4021,Funeral Attendants,detailed,430
12935,39-4031,"Morticians, Undertakers, and Funeral Arrangers",detailed,360
12936,39-5011,Barbers,detailed,**
12937,39-5012,"Hairdressers, Hairstylists, and Cosmetologists",detailed,3590
12938,39-5092,Manicurists and Pedicurists,detailed,670
12939,39-5094,Skincare Specialists,detailed,460
12940,39-6011,Baggage Porters and Bellhops,detailed,**
12941,39-6012,Concierges,detailed,130
12942,39-7010,Tour and Travel Guides,detailed,120
12943,39-9011,Childcare Workers,detailed,5290
12944,39-9031,Exercise Trainers and Group Fitness Instructors,detailed,3260
12945,39-9032,Recreation Workers,detailed,3690
12946,39-9041,Residential Advisors,detailed,650
12947,41-1011,First-Line Supervisors of Retail Sales Workers,detailed,11390
12948,41-1012,First-Line Supervisors of Non-Retail Sales Workers,detailed,1530
12949,41-2011,Cashiers,detailed,32610
12950,41-2012,Gambling Change Persons and Booth Cashiers,detailed,190
12951,41-2021,Counter and Rental Clerks,detailed,2950
12952,41-2022,Parts Salespersons,detailed,2890
12953,41-2031,Retail Salespersons,detailed,36230
12954,41-3011,Advertising Sales Agents,detailed,1460
12955,41-3021,Insurance Sales Agents,detailed,4250
12956,41-3031,"Securities, Commodities, and Financial Services Sales Agents",detailed,2540
12957,41-3041,Travel Agents,detailed,440
12958,41-3091,"Sales Representatives of Services, Except Advertising, Insurance, Financial Services, and Travel",detailed,10610
12959,41-4011,"Sales Representatives, Wholesale and Manufacturing, Technical and Scientific Products",detailed,1660
12960,41-4012,"Sales Representatives, Wholesale and Manufacturing, Except Technical and Scientific Products",detailed,13700
12961,41-9011,Demonstrators and Product Promoters,detailed,880
12962,41-9021,Real Estate Brokers,detailed,110
12963,41-9022,Real Estate Sales Agents,detailed,1060
12964,41-9031,Sales Engineers,detailed,380
12965,41-9041,Telemarketers,detailed,1040
12966,41-9099,"Sales and Related Workers, All Other",detailed,650
12967,43-1011,First-Line Supervisors of Office and Administrative Support Workers,detailed,14040
12968,43-2011,"Switchboard Operators, Including Answering Service",detailed,550
12969,43-3011,Bill and Account Collectors,detailed,3590
12970,43-3021,Billing and Posting Clerks,detailed,4340
12971,43-3031,"Bookkeeping, Accounting, and Auditing Clerks",detailed,15490
12972,43-3041,Gambling Cage Workers,detailed,100
12973,43-3051,Payroll and Timekeeping Clerks,detailed,1630
12974,43-3061,Procurement Clerks,detailed,590
12975,43-3071,Tellers,detailed,5560
12976,43-3099,"Financial Clerks, All Other",detailed,230
12977,43-4011,Brokerage Clerks,detailed,460
12978,43-4031,"Court, Municipal, and License Clerks",detailed,1270
12979,43-4041,"Credit Authorizers, Checkers, and Clerks",detailed,170
12980,43-4051,Customer Service Representatives,detailed,31920
12981,43-4061,"Eligibility Interviewers, Government Programs",detailed,1110
12982,43-4071,File Clerks,detailed,1030
12983,43-4081,"Hotel, Motel, and Resort Desk Clerks",detailed,2480
12984,43-4111,"Interviewers, Except Eligibility and Loan",detailed,3400
12985,43-4121,"Library Assistants, Clerical",detailed,1720
12986,43-4131,Loan Interviewers and Clerks,detailed,2440
12987,43-4141,New Accounts Clerks,detailed,1240
12988,43-4151,Order Clerks,detailed,1330
12989,43-4161,"Human Resources Assistants, Except Payroll and Timekeeping",detailed,1030
12990,43-4171,Receptionists and Information Clerks,detailed,9450
12991,43-4181,Reservation and Transportation Ticket Agents and Travel Clerks,detailed,180
12992,43-4199,"Information and Record Clerks, All Other",detailed,1410
12993,43-5011,Cargo and Freight Agents,detailed,610
12994,43-5021,Couriers and Messengers,detailed,590
12995,43-5031,Public Safety Telecommunicators,detailed,1190
12996,43-5032,"Dispatchers, Except Police, Fire, and Ambulance",detailed,1920
12997,43-5041,"Meter Readers, Utilities",detailed,390
12998,43-5051,Postal Service Clerks,detailed,1230
12999,43-5052,Postal Service Mail Carriers,detailed,3530
13000,43-5053,"Postal Service Mail Sorters, Processors, and Processing Machine Operators",detailed,690
13001,43-5061,"Production, Planning, and Expediting Clerks",detailed,4240
13002,43-5071,"Shipping, Receiving, and Inventory Clerks",detailed,6280
13003,43-5111,"Weighers, Measurers, Checkers, and Samplers, Recordkeeping",detailed,950
13004,43-6011,Executive Secretaries and Executive Administrative Assistants,detailed,6480
13005,43-6012,Legal Secretaries and Administrative Assistants,detailed,1160
13006,43-6013,Medical Secretaries and Administrative Assistants,detailed,4660
13007,43-6014,"Secretaries and Administrative Assistants, Except Legal, Medical, and Executive",detailed,29110
13008,43-9021,Data Entry Keyers,detailed,1550
13009,43-9022,Word Processors and Typists,detailed,70
13010,43-9031,Desktop Publishers,detailed,80
13011,43-9041,Insurance Claims and Policy Processing Clerks,detailed,1020
13012,43-9051,"Mail Clerks and Mail Machine Operators, Except Postal Service",detailed,1030
13013,43-9061,"Office Clerks, General",detailed,14470
13014,43-9071,"Office Machine Operators, Except Computer",detailed,500
13015,43-9111,Statistical Assistants,detailed,110
13016,43-9199,"Office and Administrative Support Workers, All Other",detailed,890
13017,45-1011,"First-Line Supervisors of Farming, Fishing, and Forestry Workers",detailed,320
13018,45-2011,Agricultural Inspectors,detailed,360
13019,45-2041,"Graders and Sorters, Agricultural Products",detailed,170
13020,45-2091,Agricultural Equipment Operators,detailed,970
13021,45-2092,"Farmworkers and Laborers, Crop, Nursery, and Greenhouse",detailed,420
13022,45-2093,"Farmworkers, Farm, Ranch, and Aquacultural Animals",detailed,1130
13023,47-1011,First-Line Supervisors of Construction Trades and Extraction Workers,detailed,6770
13024,47-2021,Brickmasons and Blockmasons,detailed,530
13025,47-2022,Stonemasons,detailed,70
13026,47-2031,Carpenters,detailed,5760
13027,47-2041,Carpet Installers,detailed,310
13028,47-2042,"Floor Layers, Except Carpet, Wood, and Hard Tiles",detailed,140
13029,47-2044,Tile and Stone Setters,detailed,340
13030,47-2051,Cement Masons and Concrete Finishers,detailed,2740
13031,47-2061,Construction Laborers,detailed,9850
13032,47-2071,"Paving, Surfacing, and Tamping Equipment Operators",detailed,490
13033,47-2073,Operating Engineers and Other Construction Equipment Operators,detailed,7430
13034,47-2081,Drywall and Ceiling Tile Installers,detailed,660
13035,47-2082,Tapers,detailed,**
13036,47-2111,Electricians,detailed,4940
13037,47-2121,Glaziers,detailed,340
13038,47-2131,"Insulation Workers, Floor, Ceiling, and Wall",detailed,400
13039,47-2132,"Insulation Workers, Mechanical",detailed,380
13040,47-2141,"Painters, Construction and Maintenance",detailed,2200
13041,47-2151,Pipelayers,detailed,60
13042,47-2152,"Plumbers, Pipefitters, and Steamfitters",detailed,4330
13043,47-2161,Plasterers and Stucco Masons,detailed,**
13044,47-2171,Reinforcing Iron and Rebar Workers,detailed,40
13045,47-2181,Roofers,detailed,920
13046,47-2211,Sheet Metal Workers,detailed,1680
13047,47-2221,Structural Iron and Steel Workers,detailed,490
13048,47-3011,"Helpers--Brickmasons, Blockmasons, Stonemasons, and Tile and Marble Setters",detailed,210
13049,47-3012,Helpers--Carpenters,detailed,310
13050,47-3013,Helpers--Electricians,detailed,300
13051,47-3014,"Helpers--Painters, Paperhangers, Plasterers, and Stucco Masons",detailed,**
13052,47-3015,"Helpers--Pipelayers, Plumbers, Pipefitters, and Steamfitters",detailed,510
13053,47-3016,Helpers--Roofers,detailed,80
13054,47-3019,"Helpers, Construction Trades, All Other",detailed,40
13055,47-4011,Construction and Building Inspectors,detailed,800
13056,47-4021,Elevator and Escalator Installers and Repairers,detailed,440
13057,47-4031,Fence Erectors,detailed,**
13058,47-4041,Hazardous Materials Removal Workers,detailed,750
13059,47-4051,Highway Maintenance Workers,detailed,1580
13060,47-4061,Rail-Track Laying and Maintenance Equipment Operators,detailed,**
13061,47-4071,Septic Tank Servicers and Sewer Pipe Cleaners,detailed,250
13062,47-4090,Miscellaneous Construction and Related Workers,detailed,120
13063,47-5011,"Derrick Operators, Oil and Gas",detailed,60
13064,47-5012,"Rotary Drill Operators, Oil and Gas",detailed,200
13065,47-5013,"Service Unit Operators, Oil and Gas",detailed,510
13066,47-5022,"Excavating and Loading Machine and Dragline Operators, Surface Mining",detailed,220
13067,47-5051,"Rock Splitters, Quarry",detailed,**
13068,47-5071,"Roustabouts, Oil and Gas",detailed,910
13069,47-5097,"Earth Drillers, Except Oil and Gas; and Explosives Workers, Ordnance Handling Experts, and Blasters",detailed,160
13070,49-1011,"First-Line Supervisors of Mechanics, Installers, and Repairers",detailed,6190
13071,49-2011,"Computer, Automated Teller, and Office Machine Repairers",detailed,1300
13072,49-2021,"Radio, Cellular, and Tower Equipment Installers and Repairers",detailed,130
13073,49-2022,"Telecommunications Equipment Installers and Repairers, Except Line Installers",detailed,2550
13074,49-2091,Avionics Technicians,detailed,970
13075,49-2092,"Electric Motor, Power Tool, and Related Repairers",detailed,90
13076,49-2093,"Electrical and Electronics Installers and Repairers, Transportation Equipment",detailed,70
13077,49-2094,"Electrical and Electronics Repairers, Commercial and Industrial Equipment",detailed,380
13078,49-2095,"Electrical and Electronics Repairers, Powerhouse, Substation, and Relay",detailed,230
13079,49-2096,"Electronic Equipment Installers and Repairers, Motor Vehicles",detailed,**
13080,49-2097,Audiovisual Equipment Installers and Repairers,detailed,150
13081,49-2098,Security and Fire Alarm Systems Installers,detailed,730
13082,49-3011,Aircraft Mechanics and Service Technicians,detailed,1570
13083,49-3021,Automotive Body and Related Repairers,detailed,1570
13084,49-3022,Automotive Glass Installers and Repairers,detailed,100
13085,49-3023,Automotive Service Technicians and Mechanics,detailed,6040
13086,49-3031,Bus and Truck Mechanics and Diesel Engine Specialists,detailed,2800
13087,49-3041,Farm Equipment Mechanics and Service Technicians,detailed,1310
13088,49-3042,"Mobile Heavy Equipment Mechanics, Except Engines",detailed,2070
13089,49-3043,Rail Car Repairers,detailed,1180
13090,49-3051,Motorboat Mechanics and Service Technicians,detailed,100
13091,49-3052,Motorcycle Mechanics,detailed,90
13092,49-3053,Outdoor Power Equipment and Other Small Engine Mechanics,detailed,290
13093,49-3091,Bicycle Repairers,detailed,210
13094,49-3092,Recreational Vehicle Service Technicians,detailed,180
13095,49-3093,Tire Repairers and Changers,detailed,1520
13096,49-9011,Mechanical Door Repairers,detailed,390
13097,49-9012,"Control and Valve Installers and Repairers, Except Mechanical Door",detailed,530
13098,49-9021,"Heating, Air Conditioning, and Refrigeration Mechanics and Installers",detailed,3530
13099,49-9031,Home Appliance Repairers,detailed,330
13100,49-9041,Industrial Machinery Mechanics,detailed,5500
13101,49-9043,"Maintenance Workers, Machinery",detailed,780
13102,49-9044,Millwrights,detailed,610
13103,49-9051,Electrical Power-Line Installers and Repairers,detailed,1670
13104,49-9052,Telecommunications Line Installers and Repairers,detailed,1000
13105,49-9062,Medical Equipment Repairers,detailed,390
13106,49-9063,Musical Instrument Repairers and Tuners,detailed,90
13107,49-9069,"Precision Instrument and Equipment Repairers, All Other",detailed,80
13108,49-9071,"Maintenance and Repair Workers, General",detailed,13970
13109,49-9091,"Coin, Vending, and Amusement Machine Servicers and Repairers",detailed,350
13110,49-9094,Locksmiths and Safe Repairers,detailed,110
13111,49-9095,Manufactured Building and Mobile Home Installers,detailed,100
13112,49-9097,Signal and Track Switch Repairers,detailed,**
13113,49-9098,"Helpers--Installation, Maintenance, and Repair Workers",detailed,500
13114,49-9099,"Installation, Maintenance, and Repair Workers, All Other",detailed,1120
13115,51-1011,First-Line Supervisors of Production and Operating Workers,detailed,7340
13116,51-2011,"Aircraft Structure, Surfaces, Rigging, and Systems Assemblers",detailed,8860
13117,51-2028,"Electrical, Electronic, and Electromechanical Assemblers, Except Coil Winders, Tapers, and Finishers",detailed,2720
13118,51-2031,Engine and Other Machine Assemblers,detailed,**
13119,51-2041,Structural Metal Fabricators and Fitters,detailed,1480
13120,51-2051,Fiberglass Laminators and Fabricators,detailed,250
13121,51-2090,Miscellaneous Assemblers and Fabricators,detailed,14440
13122,51-3011,Bakers,detailed,1740
13123,51-3021,Butchers and Meat Cutters,detailed,1040
13124,51-3022,"Meat, Poultry, and Fish Cutters and Trimmers",detailed,5410
13125,51-3023,Slaughterers and Meat Packers,detailed,1880
13126,51-3091,"Food and Tobacco Roasting, Baking, and Drying Machine Operators and Tenders",detailed,200
13127,51-3092,Food Batchmakers,detailed,1400
13128,51-3093,Food Cooking Machine Operators and Tenders,detailed,670
13129,51-3099,"Food Processing Workers, All Other",detailed,550
13130,51-4021,"Extruding and Drawing Machine Setters, Operators, and Tenders, Metal and Plastic",detailed,680
13131,51-4022,"Forging Machine Setters, Operators, and Tenders, Metal and Plastic",detailed,150
13132,51-4023,"Rolling Machine Setters, Operators, and Tenders, Metal and Plastic",detailed,**
13133,51-4031,"Cutting, Punching, and Press Machine Setters, Operators, and Tenders, Metal and Plastic",detailed,1570
13134,51-4032,"Drilling and Boring Machine Tool Setters, Operators, and Tenders, Metal and Plastic",detailed,50
13135,51-4033,"Grinding, Lapping, Polishing, and Buffing Machine Tool Setters, Operators, and Tenders, Metal and Plastic",detailed,880
13136,51-4034,"Lathe and Turning Machine Tool Setters, Operators, and Tenders, Metal and Plastic",detailed,230
13137,51-4035,"Milling and Planing Machine Setters, Operators, and Tenders, Metal and Plastic",detailed,110
13138,51-4041,Machinists,detailed,3790
13139,51-4051,Metal-Refining Furnace Operators and Tenders,detailed,40
13140,51-4062,"Patternmakers, Metal and Plastic",detailed,40
13141,51-4071,Foundry Mold and Coremakers,detailed,220
13142,51-4072,"Molding, Coremaking, and Casting Machine Setters, Operators, and Tenders, Metal and Plastic",detailed,1450
13143,51-4081,"Multiple Machine Tool Setters, Operators, and Tenders, Metal and Plastic",detailed,**
13144,51-4111,Tool and Die Makers,detailed,920
13145,51-4121,"Welders, Cutters, Solderers, and Brazers",detailed,6000
13146,51-4122,"Welding, Soldering, and Brazing Machine Setters, Operators, and Tenders",detailed,210
13147,51-4191,"Heat Treating Equipment Setters, Operators, and Tenders, Metal and Plastic",detailed,140
13148,51-4192,"Layout Workers, Metal and Plastic",detailed,560
13149,51-4193,"Plating Machine Setters, Operators, and Tenders, Metal and Plastic",detailed,310
13150,51-4199,"Metal Workers and Plastic Workers, All Other",detailed,70
13151,51-5111,Prepress Technicians and Workers,detailed,510
13152,51-5112,Printing Press Operators,detailed,3470
13153,51-5113,Print Binding and Finishing Workers,detailed,760
13154,51-6011,Laundry and Dry-Cleaning Workers,detailed,2120
13155,51-6021,"Pressers, Textile, Garment, and Related Materials",detailed,260
13156,51-6031,Sewing Machine Operators,detailed,890
13157,51-6052,"Tailors, Dressmakers, and Custom Sewers",detailed,100
13158,51-6063,"Textile Knitting and Weaving Machine Setters, Operators, and Tenders",detailed,80
13159,51-6091,"Extruding and Forming Machine Setters, Operators, and Tenders, Synthetic and Glass Fibers",detailed,160
13160,51-6093,Upholsterers,detailed,320
13161,51-6099,"Textile, Apparel, and Furnishings Workers, All Other",detailed,**
13162,51-7011,Cabinetmakers and Bench Carpenters,detailed,1200
13163,51-7021,Furniture Finishers,detailed,140
13164,51-7041,"Sawing Machine Setters, Operators, and Tenders, Wood",detailed,220
13165,51-7042,"Woodworking Machine Setters, Operators, and Tenders, Except Sawing",detailed,650
13166,51-8012,Power Distributors and Dispatchers,detailed,90
13167,51-8013,Power Plant Operators,detailed,700
13168,51-8021,Stationary Engineers and Boiler Operators,detailed,190
13169,51-8031,Water and Wastewater Treatment Plant and System Operators,detailed,1510
13170,51-8091,Chemical Plant and System Operators,detailed,100
13171,51-8092,Gas Plant Operators,detailed,220
13172,51-8093,"Petroleum Pump System Operators, Refinery Operators, and Gaugers",detailed,1020
13173,51-8099,"Plant and System Operators, All Other",detailed,**
13174,51-9011,Chemical Equipment Operators and Tenders,detailed,1960
13175,51-9012,"Separating, Filtering, Clarifying, Precipitating, and Still Machine Setters, Operators, and Tenders",detailed,310
13176,51-9021,"Crushing, Grinding, and Polishing Machine Setters, Operators, and Tenders",detailed,430
13177,51-9022,"Grinding and Polishing Workers, Hand",detailed,240
13178,51-9023,"Mixing and Blending Machine Setters, Operators, and Tenders",detailed,1940
13179,51-9031,"Cutters and Trimmers, Hand",detailed,90
13180,51-9032,"Cutting and Slicing Machine Setters, Operators, and Tenders",detailed,840
13181,51-9041,"Extruding, Forming, Pressing, and Compacting Machine Setters, Operators, and Tenders",detailed,1400
13182,51-9051,"Furnace, Kiln, Oven, Drier, and Kettle Operators and Tenders",detailed,130
13183,51-9061,"Inspectors, Testers, Sorters, Samplers, and Weighers",detailed,7360
13184,51-9071,Jewelers and Precious Stone and Metal Workers,detailed,140
13185,51-9081,Dental Laboratory Technicians,detailed,390
13186,51-9082,Medical Appliance Technicians,detailed,90
13187,51-9083,Ophthalmic Laboratory Technicians,detailed,130
13188,51-9111,Packaging and Filling Machine Operators and Tenders,detailed,5460
13189,51-9123,"Painting, Coating, and Decorating Workers",detailed,110
13190,51-9124,"Coating, Painting, and Spraying Machine Setters, Operators, and Tenders",detailed,2110
13191,51-9151,Photographic Process Workers and Processing Machine Operators,detailed,90
13192,51-9161,Computer Numerically Controlled Tool Operators,detailed,1860
13193,51-9162,Computer Numerically Controlled Tool Programmers,detailed,770
13194,51-9191,Adhesive Bonding Machine Operators and Tenders,detailed,380
13195,51-9192,"Cleaning, Washing, and Metal Pickling Equipment Operators and Tenders",detailed,190
13196,51-9193,Cooling and Freezing Equipment Operators and Tenders,detailed,160
13197,51-9194,Etchers and Engravers,detailed,190
13198,51-9195,"Molders, Shapers, and Casters, Except Metal and Plastic",detailed,670
13199,51-9196,"Paper Goods Machine Setters, Operators, and Tenders",detailed,720
13200,51-9198,Helpers--Production Workers,detailed,3520
13201,51-9199,"Production Workers, All Other",detailed,1390
13202,53-1047,"First-Line Supervisors of Transportation and Material Moving Workers, Except Aircraft Cargo Handling Supervisors",detailed,5320
13203,53-2012,Commercial Pilots,detailed,450
13204,53-2021,Air Traffic Controllers,detailed,420
13205,53-2022,Airfield Operations Specialists,detailed,40
13206,53-3011,"Ambulance Drivers and Attendants, Except Emergency Medical Technicians",detailed,60
13207,53-3031,Driver/Sales Workers,detailed,3430
13208,53-3032,Heavy and Tractor-Trailer Truck Drivers,detailed,20450
13209,53-3033,Light Truck Drivers,detailed,8150
13210,53-3052,"Bus Drivers, Transit and Intercity",detailed,560
13211,53-3058,"Passenger Vehicle Drivers, Except Bus Drivers, Transit and Intercity",detailed,7600
13212,53-3099,"Motor Vehicle Operators, All Other",detailed,630
13213,53-4011,Locomotive Engineers,detailed,**
13214,53-4013,"Rail Yard Engineers, Dinkey Operators, and Hostlers",detailed,160
13215,53-4031,Railroad Conductors and Yardmasters,detailed,510
13216,53-6021,Parking Attendants,detailed,320
13217,53-6031,Automotive and Watercraft Service Attendants,detailed,1420
13218,53-6041,Traffic Technicians,detailed,80
13219,53-6051,Transportation Inspectors,detailed,240
13220,53-6061,Passenger Attendants,detailed,**
13221,53-6098,"Aircraft Service Attendants and Transportation Workers, All Other",detailed,280
13222,53-7011,Conveyor Operators and Tenders,detailed,1090
13223,53-7021,Crane and Tower Operators,detailed,650
13224,53-7051,Industrial Truck and Tractor Operators,detailed,6900
13225,53-7061,Cleaners of Vehicles and Equipment,detailed,4070
13226,53-7062,"Laborers and Freight, Stock, and Material Movers, Hand",detailed,23260
13227,53-7063,Machine Feeders and Offbearers,detailed,**
13228,53-7064,"Packers and Packagers, Hand",detailed,6080
13229,53-7065,Stockers and Order Fillers,detailed,21410
13230,53-7071,Gas Compressor and Gas Pumping Station Operators,detailed,**
13231,53-7072,"Pump Operators, Except Wellhead Pumpers",detailed,**
13232,53-7073,Wellhead Pumpers,detailed,590
13233,53-7081,Refuse and Recyclable Material Collectors,detailed,1130
13234,53-7121,"Tank Car, Truck, and Ship Loaders",detailed,**
394624,00-0000,All Occupations,total,1392480
