Breakdown,2019,2018,2017
Cash And Cash Equivalents,,,
Short Term Investments,,,
Total Cash,,,
Net Receivables,,,
Other Current Assets,,,
Inventory,,,
Short-term investments,,,
Total Current Assets,,,
Gross Property Plant and Equipment,,,
Accumulated Depreciation,,,
Net Property Plant and Equipment,,,
Equity and other investments,,,
Goodwill,,,
Intangible Assets,,,
Total non-current assets,,,
Total Assets,,,
Total Revenue,,,
Accounts Payable,,,
Accrued liabilities,,,
Other Current Liabilities,,,
Total Current Liabilities,,,
Long Term Debt,,,
Other long-term Liabilities,,,
Total non-current liabilities,,,
Total Liabilities,,,
Common Stock,,,
Retained Earnings,,,
Accumulated other comprehensive income,,,
Total stockholder's equity,,,
total liability and stockholders equity,,,