Breakdown,12/31/19,12/31/18,12/31/17,12/31/16,12/31/15,12/31/14,12/31/13,12/31/12,12/31/11,12/31/10
Revenue,,,,,,,,,,
Revenue Growth,,,,,,,,,,
Cost of Revenue,,,,,,,,,,
Gross Profit,,,,,,,,,,
R&D Expenses,,,,,,,,,,
SG&A Expenses,,,,,,,,,,
Operating Income,,,,,,,,,,
Non-operating Income/Expense,,,,,,,,,,
Non-operating Interest Expenses,,,,,,,,,,
EBT,,,,,,,,,,
Income Tax Provision,,,,,,,,,,
Income after Tax,,,,,,,,,,
Dividends (Preferred),,,,,,,,,,
Non-Controlling Interest,,,,,,,,,,
Net Income Common,,,,,,,,,,
EPS (Basic),,,,,,,,,,
EPS (Diluted),,,,,,,,,,
"Shares (Basic, Weighted)",,,,,,,,,,
"Shares (Diluted, Weighted)",,,,,,,,,,
Gross Margin,,,,,,,,,,
EBIT Margin,,,,,,,,,,
EBT margin,,,,,,,,,,
Net Profit Margin,,,,,,,,,,
Free Cash Flow Margin,,,,,,,,,,
EBITDA,,,,,,,,,,
EBIT,,,,,,,,,,
Income from Continuous Operations,,,,,,,,,,
Consolidated Net Income/Loss,,,,,,,,,,
"EPS (Basic, from Continuous Ops)",,,,,,,,,,
"EPS (Basic, Consolidated)",,,,,,,,,,
"EPS (Diluted, from Cont. Ops)",,,,,,,,,,
"Shares (Diluted, Average)",,,,,,,,,,
"EPS (Diluted, Consolidated)",,,,,,,,,,
EBITDA Margin,,,,,,,,,,
Operating Cash Flow Margin,,,,,,,,,,
