Breakdown,2019/12,2019/11,2019/10,2019/9,2019/8,2019/7,2019/6,2019/5,2019/4,2019/3,2019/2,2019/1
Total Revenue,,,,,,,,,,,,
Cost of Revenue,,,,,,,,,,,,
Gross Profit,,,,,,,,,,,,
Total Operating Expenses,,,,,,,,,,,,
Selling General and Administrative Expenses,,,,,,,,,,,,
Total Depreciation,,,,,,,,,,,,
Operating Income or Loss,,,,,,,,,,,,
Interest Expense,,,,,,,,,,,,
Total Other Income/Expenses Net,,,,,,,,,,,,
Income Before Tax,,,,,,,,,,,,
Income tax expense,,,,,,,,,,,,
Income from Continuing Operations,,,,,,,,,,,,
Net Income,,,,,,,,,,,,
Net Income Available to Common Stockholders,,,,,,,,,,,,
EBITDA,,,,,,,,,,,,